,?ùÏÑ±?ÑÎèÑ,?ùÏÑ±???ùÏÑ±???ùÏÑ±?úÎ∂ÑÏ¥?IPÏ£ºÏÜå,URL,Unnamed: 6,Trans_IP,Co_Code,Longitude,Latitude,,,
0,0,2019,5,23,120000,51.*.16.36,-,51.109.16.36,US,5.575495,-0.185161
1,1,2019,5,23,25000,50.*.202.39,-,50.111.202.39,US,0.477587266,9.393928461
2,2,2019,5,23,223700,110.*.111.190,-,110.218.111.190,US,10.491337,-66.861998
3,3,2019,5,23,120000,202.*.239.17,-,202.244.239.17,US,14.695506,-17.467318
4,4,2019,5,23,35100,34.*.102.38,-,34.252.102.38,US,14.587905,-90.513744
5,5,2019,5,23,120000,192.*.78.25,-,192.223.78.25,US,10.669715,-61.522711
6,6,2019,5,23,31000,103.*.72.54,-,103.93.72.54,US,37.984663,23.760519
7,7,2019,5,23,223700,104.*.110.190,-,104.12.110.190,US,14.695506,-17.467318
8,8,2019,5,23,120000,185.*.61.161,-,185.234.61.161,US,14.695506,-17.467318
9,9,2019,5,23,35100,18.*.215.84,-,18.20.215.84,US,-8.920868,13.202023
10,10,2019,5,23,120000,217.*.184.38,-,217.166.184.38,US,-18.140068,178.423532
11,11,2019,5,23,24300,50.*.202.39,-,50.152.202.39,US,9.084108,7.49347
12,12,2019,5,23,25000,199.*.21.121,-,199.11.21.121,US,0.320245,32.583
13,13,2019,5,23,35100,52.*.79.229,-,52.175.79.229,US,-25.773293,28.226605
14,14,2019,5,23,120000,23.*.239.12,-,23.148.239.12,US,52.093582,4.28729
15,15,2019,5,23,24300,199.*.21.121,-,199.86.21.121,US,27.694457,85.292486
16,16,2019,5,23,23700,50.*.202.39,-,50.144.202.39,US,59.919738,10.724114
17,17,2019,5,23,120000,144.*.217.54,-,144.196.217.54,US,-41.28572,174.777313
18,18,2019,5,23,35100,52.*.161.133,-,52.209.161.133,US,-41.28572,174.777313
