积己斥档,积己岿,积己老,积己矫盒檬,IP林家,URL,,Trans_IP
0,2019,5,23,120000,51.*.16.36,-,51.109.16.36
1,2019,5,23,25000,50.*.202.39,-,50.111.202.39
2,2019,5,23,223700,110.*.111.190,-,110.218.111.190
3,2019,5,23,120000,202.*.239.17,-,202.244.239.17
4,2019,5,23,35100,34.*.102.38,-,34.252.102.38
5,2019,5,23,120000,192.*.78.25,-,192.223.78.25
6,2019,5,23,31000,103.*.72.54,-,103.93.72.54
7,2019,5,23,223700,104.*.110.190,-,104.12.110.190
8,2019,5,23,120000,185.*.61.161,-,185.234.61.161
9,2019,5,23,35100,18.*.215.84,-,18.20.215.84
10,2019,5,23,120000,217.*.184.38,-,217.166.184.38
11,2019,5,23,24300,50.*.202.39,-,50.152.202.39
12,2019,5,23,25000,199.*.21.121,-,199.11.21.121
13,2019,5,23,35100,52.*.79.229,-,52.175.79.229
14,2019,5,23,120000,23.*.239.12,-,23.148.239.12
15,2019,5,23,24300,199.*.21.121,-,199.86.21.121
16,2019,5,23,23700,50.*.202.39,-,50.144.202.39
17,2019,5,23,120000,144.*.217.54,-,144.196.217.54
18,2019,5,23,35100,52.*.161.133,-,52.209.161.133
